Informazioni cronologiche,"Se vuoi, dimmi il tuo NOME",TIPOLOGIA,LINE DANCE,CONTRA DANCE,COUPLE/CIRCLE DANCE,COREOGRAFO,David Villelas,Fabio Terzoni,Gianni Hook Valassi,Isabella Ghinolfi,Johnny Rossato,Pino Piromalli,Pol F. Ryan,Teo Lattanzio,Stefano Civa,Aurora Profumo,Algaly Fofana,Adriano Castagnoli,Valentina Trigila,Sofia Balzano,Deborah Ricagni,Jgor Pasin,Dan Albro,Fabian Muller,Maddison Glover,Maggie Ghallager,Rob Fowler,Séverine Fillion,Silvia Denise Staiti,Alessandro Boer,Coreo 0 - 9,Coreo A - F,Coreo G - M,Coreo N - Z
30/09/2026 22.02.03,,Coreo N - Z,,,,,,,,,,,,,,,,,,,,,,,,,,,,,,,,TOUR IN MEXICO
30/09/2026 22.10.21,,Coreo A - F,,,,,,,,,,,,,,,,,,,,,,,,,,,,,,CHASING DOWN A GOOD TIME,,
30/09/2026 22.11.10,,Coreo G - M,,,,,,,,,,,,,,,,,,,,,,,,,,,,,,,HALLELUL Y'ALL,
30/09/2026 22.11.48,,Coreo G - M,,,,,,,,,,,,,,,,,,,,,,,,,,,,,,,IT'S AMERICA,
30/09/2026 22.12.14,,Coreo A - F,,,,,,,,,,,,,,,,,,,,,,,,,,,,,,AMERICAN KIDS,,
30/09/2026 22.12.56,,Coreo A - F,,,,,,,,,,,,,,,,,,,,,,,,,,,,,,CABO SAN LUCAS,,
30/09/2026 22.13.24,,Coreo A - F,,,,,,,,,,,,,,,,,,,,,,,,,,,,,,CRAZY SONG,,
30/09/2026 22.25.28,,Coreo G - M,,,,,,,,,,,,,,,,,,,,,,,,,,,,,,,LOVE POTION 666,
30/09/2026 22.29.21,,Coreo G - M,,,,,,,,,,,,,,,,,,,,,,,,,,,,,,,MILES ON IT,
30/09/2026 23.11.30,,Line dance (elenco completo),BEST ADVENTURE,,,,,,,,,,,,,,,,,,,,,,,,,,,,,,,
30/09/2026 23.12.03,,Line dance (elenco completo),BURNING LOVE,,,,,,,,,,,,,,,,,,,,,,,,,,,,,,,
30/09/2026 23.16.21,,Line dance (elenco completo),TO HELL AND BACK,,,,,,,,,,,,,,,,,,,,,,,,,,,,,,,
30/09/2026 23.17.09,,Line dance (elenco completo),CABO SAN LUCAS,,,,,,,,,,,,,,,,,,,,,,,,,,,,,,,
30/09/2026 23.18.26,,Line dance (elenco completo),TOMORROW NEVER COMES,,,,,,,,,,,,,,,,,,,,,,,,,,,,,,,
30/09/2026 23.35.26,,Line dance (elenco completo),RETRO,,,,,,,,,,,,,,,,,,,,,,,,,,,,,,,
