value,Codifica,dshow-size,dshow-fps,ELENCO WEBCAM,profile-id,is-default,is-enabled,last-used-at,last-mode,last-status,usage-count,last-size,last-fps,last-codec,notes
USB Camera,mjpeg,1920x1080,30,Luca - USB Camera,usb-camera,0,1,2026-08-11T21:44:00.642Z,preview,detected-capabilities,0,1920x1080,30,mjpeg,Profilo auto-aggiornato da FFmpeg (2026-10-08T11:18:34.326Z)
HP Display Camera,mjpeg,1280x720,30,Luca - Monitor HP,hp-display-camera,1,1,2026-10-08T11:24:40.986Z,recording,detected-capabilities,1,1280x720,30,mjpeg,Profilo auto-aggiornato da FFmpeg (2026-10-08T16:53:54.041Z)
Fotocamera frontale,yuyv422,640x360,30,Luca - Elitebook ERRORE,fotocamera-frontale,0,1,2026-09-30T19:38:31.395Z,preview,live-stop,0,640x360,30,yuyv422,
HP HD Camera,yuyv422,1280x720,30,Luca - Elitebook,hp-hd-camera,0,1,2026-10-05T19:18:47.961Z,preview,detected-capabilities,0,1280x720,30,yuyv422,Profilo auto-aggiornato da FFmpeg (2026-10-05T19:19:24.298Z)
GRANDSTREAM GUV3100,yuyv422,320x180,30,Luca - GrandStream ERRORE,grandstream-guv3100,0,1,2026-09-30T19:38:35.915Z,preview,preview-active,0,320x180,30,yuyv422,
OBS Virtual Camera,yuyv420,1280x720,30,Luca - software,obs-virtual-camera,0,1,2026-08-11T21:44:54.047Z,preview,preview-active,0,1280x720,30,yuyv420,
HP IR Camera,,,,Luca - ??? ERRORE,hp-ir-camera,0,1,2026-08-11T22:55:11.610Z,preview,bootstrap-preview,0,,,,
Trust Webcam,yuyv422,640x480,30,Daniele - (Videocamera vecchia) USB TRUST,trust-webcam,0,1,2026-08-07T23:01:51.998Z,preview,preview-active,0,640x480,30,yuyv422,
Wireless webcam,yuyv422,1920x1080,30,Daniele - (Nuova wireless) TOALLIN WL168,wireless-webcam,0,1,2026-08-07T23:02:03.019Z,preview,preview-active,0,1920x1080,30,yuyv422,
CyberLink Webcam Splitter,,,,,cyberlink-webcam-splitter,0,1,2026-08-07T23:02:08.722Z,preview,preview-active,0,,,,
HP TrueVision HD Camera,mjpeg,1280x720,30,Daniele - frontale PC Windows,hp-truevision-hd-camera,0,1,2026-09-30T19:38:43.685Z,preview,detected-capabilities,0,1280x720,30,mjpeg,Profilo auto-aggiornato da FFmpeg (2026-10-08T20:37:11.268Z)
HD Pro Webcam C920,mjpeg,1920x1080,30,Sistema - Webcam auto-rilevata,hd-pro-webcam-c920,0,1,2026-09-30T19:38:47.204Z,preview,preview-active,0,1920x1080,30,mjpeg,
