"rootPath","scannedAt","relativePath","fileName","baseName","fullPath","extension","size","modifiedAt"
"C:\VSC_MP3","2026-08-28T16:18:41.772Z","(101) I like it, I love it,- Tim Mc Graw.mp3","(101) I like it, I love it,- Tim Mc Graw.mp3","(101) I like it, I love it,- Tim Mc Graw","C:\VSC_MP3\(101) I like it, I love it,- Tim Mc Graw.mp3",".mp3","5812408","2026-08-25T11:41:59.963Z"
"C:\VSC_MP3","2026-08-28T16:18:41.772Z","(16 STEPS-ELECTRIC STOMP-WESTERN STYLE) - Louisiana.mp3","(16 STEPS-ELECTRIC STOMP-WESTERN STYLE) - Louisiana.mp3","(16 STEPS-ELECTRIC STOMP-WESTERN STYLE) - Louisiana","C:\VSC_MP3\(16 STEPS-ELECTRIC STOMP-WESTERN STYLE) - Louisiana.mp3",".mp3","5474810","2026-08-25T11:41:59.919Z"
"C:\VSC_MP3","2026-08-28T16:18:41.772Z","(BLACK COFFEE) Lacy J Dalton.mp3","(BLACK COFFEE) Lacy J Dalton.mp3","(BLACK COFFEE) Lacy J Dalton","C:\VSC_MP3\(BLACK COFFEE) Lacy J Dalton.mp3",".mp3","5196193","2026-08-25T11:42:00.003Z"
"C:\VSC_MP3","2026-08-28T16:18:41.772Z","(BLACK COFFEE) Last Christmas.mp3","(BLACK COFFEE) Last Christmas.mp3","(BLACK COFFEE) Last Christmas","C:\VSC_MP3\(BLACK COFFEE) Last Christmas.mp3",".mp3","5983499","2026-08-25T11:42:00.051Z"
"C:\VSC_MP3","2026-08-28T16:18:41.772Z","(BLACK COFFEE) Mariah Carey-All I Want For Christmas Is You.mp3","(BLACK COFFEE) Mariah Carey-All I Want For Christmas Is You.mp3","(BLACK COFFEE) Mariah Carey-All I Want For Christmas Is You","C:\VSC_MP3\(BLACK COFFEE) Mariah Carey-All I Want For Christmas Is You.mp3",".mp3","5906305","2026-08-25T11:42:00.105Z"
"C:\VSC_MP3","2026-08-28T16:18:41.772Z","(BLACK COFFEE)-shania_twain-party_for_two_(with_billy_currington)-ego.mp3","(BLACK COFFEE)-shania_twain-party_for_two_(with_billy_currington)-ego.mp3","(BLACK COFFEE)-shania_twain-party_for_two_(with_billy_currington)-ego","C:\VSC_MP3\(BLACK COFFEE)-shania_twain-party_for_two_(with_billy_currington)-ego.mp3",".mp3","5976980","2026-08-25T11:41:56.301Z"
"C:\VSC_MP3","2026-08-28T16:18:41.772Z","(CANDY KISS) Bottoms Up (feat. T.I.) [Remix] copia.mp3","(CANDY KISS) Bottoms Up (feat. T.I.) [Remix] copia.mp3","(CANDY KISS) Bottoms Up (feat. T.I.) [Remix] copia","C:\VSC_MP3\(CANDY KISS) Bottoms Up (feat. T.I.) [Remix] copia.mp3",".mp3","5503330","2026-08-25T11:41:56.349Z"
"C:\VSC_MP3","2026-08-28T16:18:41.772Z","(CANDY KISS) Kick the Dust Up.mp3","(CANDY KISS) Kick the Dust Up.mp3","(CANDY KISS) Kick the Dust Up","C:\VSC_MP3\(CANDY KISS) Kick the Dust Up.mp3",".mp3","4580748","2026-08-25T11:41:56.384Z"
"C:\VSC_MP3","2026-08-28T16:18:41.772Z","(CANDY KISSES-SWEET HOME ALABAMA) Sweet Home Alabama.mp3","(CANDY KISSES-SWEET HOME ALABAMA) Sweet Home Alabama.mp3","(CANDY KISSES-SWEET HOME ALABAMA) Sweet Home Alabama","C:\VSC_MP3\(CANDY KISSES-SWEET HOME ALABAMA) Sweet Home Alabama.mp3",".mp3","8531014","2026-08-25T11:41:56.439Z"
"C:\VSC_MP3","2026-08-28T16:18:41.772Z","(CHANGING DANCE) All Over Again 2.mp3","(CHANGING DANCE) All Over Again 2.mp3","(CHANGING DANCE) All Over Again 2","C:\VSC_MP3\(CHANGING DANCE) All Over Again 2.mp3",".mp3","5970755","2026-08-25T11:41:56.482Z"
"C:\VSC_MP3","2026-08-28T16:18:41.772Z","(CHEERLEADER) Cheerleader.mp3","(CHEERLEADER) Cheerleader.mp3","(CHEERLEADER) Cheerleader","C:\VSC_MP3\(CHEERLEADER) Cheerleader.mp3",".mp3","4326211","2026-08-25T11:41:56.513Z"
"C:\VSC_MP3","2026-08-28T16:18:41.772Z","(CHEYENNE - I FEEL LUCKY - Mary Chapin Carpenter.mp3","(CHEYENNE - I FEEL LUCKY - Mary Chapin Carpenter.mp3","(CHEYENNE - I FEEL LUCKY - Mary Chapin Carpenter","C:\VSC_MP3\(CHEYENNE - I FEEL LUCKY - Mary Chapin Carpenter.mp3",".mp3","3429897","2026-08-25T11:41:56.540Z"
"C:\VSC_MP3","2026-08-28T16:18:41.772Z","(CHEYENNE-ELECTRIC SLIDE) Santas Gonna Take It All Back.mp3","(CHEYENNE-ELECTRIC SLIDE) Santas Gonna Take It All Back.mp3","(CHEYENNE-ELECTRIC SLIDE) Santas Gonna Take It All Back","C:\VSC_MP3\(CHEYENNE-ELECTRIC SLIDE) Santas Gonna Take It All Back.mp3",".mp3","4695598","2026-08-25T11:41:56.736Z"
"C:\VSC_MP3","2026-08-28T16:18:41.772Z","(CHEYENNE-START THE CAR- BLACK COFFEE) Why Couldn_t It Be Christmas Everyday_.mp3","(CHEYENNE-START THE CAR- BLACK COFFEE) Why Couldn_t It Be Christmas Everyday_.mp3","(CHEYENNE-START THE CAR- BLACK COFFEE) Why Couldn_t It Be Christmas Everyday_","C:\VSC_MP3\(CHEYENNE-START THE CAR- BLACK COFFEE) Why Couldn_t It Be Christmas Everyday_.mp3",".mp3","6125776","2026-08-25T11:41:56.778Z"
"C:\VSC_MP3","2026-08-28T16:18:41.772Z","(CHEYENNE) - Feels just like a love song.mp3","(CHEYENNE) - Feels just like a love song.mp3","(CHEYENNE) - Feels just like a love song","C:\VSC_MP3\(CHEYENNE) - Feels just like a love song.mp3",".mp3","3188604","2026-08-25T11:41:56.567Z"
"C:\VSC_MP3","2026-08-28T16:18:41.772Z","(CHEYENNE) Mamma mia (He_s italiano).mp3","(CHEYENNE) Mamma mia (He_s italiano).mp3","(CHEYENNE) Mamma mia (He_s italiano)","C:\VSC_MP3\(CHEYENNE) Mamma mia (He_s italiano).mp3",".mp3","5228375","2026-08-25T11:41:56.605Z"
"C:\VSC_MP3","2026-08-28T16:18:41.772Z","(CHEYENNE) Old Town Road.mp3","(CHEYENNE) Old Town Road.mp3","(CHEYENNE) Old Town Road","C:\VSC_MP3\(CHEYENNE) Old Town Road.mp3",".mp3","3775758","2026-08-25T11:41:56.634Z"
"C:\VSC_MP3","2026-08-28T16:18:41.772Z","(CHEYENNE) Shania Twain-I_m gonna getcha good.mp3","(CHEYENNE) Shania Twain-I_m gonna getcha good.mp3","(CHEYENNE) Shania Twain-I_m gonna getcha good","C:\VSC_MP3\(CHEYENNE) Shania Twain-I_m gonna getcha good.mp3",".mp3","5486979","2026-08-25T11:41:56.671Z"
"C:\VSC_MP3","2026-08-28T16:18:41.772Z","(CHEYENNE) Tutta L_Italia.mp3","(CHEYENNE) Tutta L_Italia.mp3","(CHEYENNE) Tutta L_Italia","C:\VSC_MP3\(CHEYENNE) Tutta L_Italia.mp3",".mp3","4250978","2026-08-25T11:41:56.702Z"
"C:\VSC_MP3","2026-08-28T16:18:41.772Z","(COPPERHEAD ROAD) Copperhead Road -Steve Earle.mp3","(COPPERHEAD ROAD) Copperhead Road -Steve Earle.mp3","(COPPERHEAD ROAD) Copperhead Road -Steve Earle","C:\VSC_MP3\(COPPERHEAD ROAD) Copperhead Road -Steve Earle.mp3",".mp3","6541791","2026-08-25T11:41:56.822Z"
"C:\VSC_MP3","2026-08-28T16:18:41.772Z","(COUNTRY AS CAN BE) Country As a Boy Can Be.mp3","(COUNTRY AS CAN BE) Country As a Boy Can Be.mp3","(COUNTRY AS CAN BE) Country As a Boy Can Be","C:\VSC_MP3\(COUNTRY AS CAN BE) Country As a Boy Can Be.mp3",".mp3","5199143","2026-08-25T11:41:56.859Z"
"C:\VSC_MP3","2026-08-28T16:18:41.772Z","(COWBOY CASANOVA-URBAN LIFE)- Nickelback - Gotta Be Somebody 2.mp3","(COWBOY CASANOVA-URBAN LIFE)- Nickelback - Gotta Be Somebody 2.mp3","(COWBOY CASANOVA-URBAN LIFE)- Nickelback - Gotta Be Somebody 2","C:\VSC_MP3\(COWBOY CASANOVA-URBAN LIFE)- Nickelback - Gotta Be Somebody 2.mp3",".mp3","6107236","2026-08-25T11:41:56.903Z"
"C:\VSC_MP3","2026-08-28T16:18:41.772Z","(COWBOY STRUT- COUNTRY AS CAN BE) - Christmas (Baby Please Come Home).mp3","(COWBOY STRUT- COUNTRY AS CAN BE) - Christmas (Baby Please Come Home).mp3","(COWBOY STRUT- COUNTRY AS CAN BE) - Christmas (Baby Please Come Home)","C:\VSC_MP3\(COWBOY STRUT- COUNTRY AS CAN BE) - Christmas (Baby Please Come Home).mp3",".mp3","7734515","2026-08-25T11:41:56.953Z"
"C:\VSC_MP3","2026-08-28T16:18:41.772Z","(CRASH AND BURN) Crash and Burn.mp3","(CRASH AND BURN) Crash and Burn.mp3","(CRASH AND BURN) Crash and Burn","C:\VSC_MP3\(CRASH AND BURN) Crash and Burn.mp3",".mp3","4630903","2026-08-25T11:41:56.985Z"
"C:\VSC_MP3","2026-08-28T16:18:41.772Z","(CUT AND STRUT) Suds In the Bucket.mp3","(CUT AND STRUT) Suds In the Bucket.mp3","(CUT AND STRUT) Suds In the Bucket","C:\VSC_MP3\(CUT AND STRUT) Suds In the Bucket.mp3",".mp3","5534071","2026-08-25T11:41:57.023Z"
"C:\VSC_MP3","2026-08-28T16:18:41.772Z","(DARK SIDE) Hell if i know - Chase Bryant 1.mp3","(DARK SIDE) Hell if i know - Chase Bryant 1.mp3","(DARK SIDE) Hell if i know - Chase Bryant 1","C:\VSC_MP3\(DARK SIDE) Hell if i know - Chase Bryant 1.mp3",".mp3","4734119","2026-08-25T11:41:57.056Z"
"C:\VSC_MP3","2026-08-28T16:18:41.772Z","(ELECTRIC SLIDE) Nathan Carter-12.Let me be There.mp3","(ELECTRIC SLIDE) Nathan Carter-12.Let me be There.mp3","(ELECTRIC SLIDE) Nathan Carter-12.Let me be There","C:\VSC_MP3\(ELECTRIC SLIDE) Nathan Carter-12.Let me be There.mp3",".mp3","5256425","2026-08-25T11:41:57.094Z"
"C:\VSC_MP3","2026-08-28T16:18:41.772Z","(ELECTRIC SLIDE) rascal_flatts-jingle_bell_rock copia.mp3","(ELECTRIC SLIDE) rascal_flatts-jingle_bell_rock copia.mp3","(ELECTRIC SLIDE) rascal_flatts-jingle_bell_rock copia","C:\VSC_MP3\(ELECTRIC SLIDE) rascal_flatts-jingle_bell_rock copia.mp3",".mp3","5028217","2026-08-25T11:41:57.129Z"
"C:\VSC_MP3","2026-08-28T16:18:41.772Z","(FIRST STOMP) Rednex- Cotton Eye Joe .mp3","(FIRST STOMP) Rednex- Cotton Eye Joe .mp3","(FIRST STOMP) Rednex- Cotton Eye Joe ","C:\VSC_MP3\(FIRST STOMP) Rednex- Cotton Eye Joe .mp3",".mp3","4722770","2026-08-25T11:41:57.164Z"
"C:\VSC_MP3","2026-08-28T16:18:41.772Z","(GHOST  TOWN) Sam Outlaw.mp3","(GHOST  TOWN) Sam Outlaw.mp3","(GHOST  TOWN) Sam Outlaw","C:\VSC_MP3\(GHOST  TOWN) Sam Outlaw.mp3",".mp3","4898473","2026-08-25T11:41:57.224Z"
"C:\VSC_MP3","2026-08-28T16:18:41.772Z","(GLASS OF WINE) Cry To Me.mp3","(GLASS OF WINE) Cry To Me.mp3","(GLASS OF WINE) Cry To Me","C:\VSC_MP3\(GLASS OF WINE) Cry To Me.mp3",".mp3","5040294","2026-08-25T11:41:57.260Z"
"C:\VSC_MP3","2026-08-28T16:18:41.772Z","(IRISH CHANGE- CHAPPELLOISE) Sham Rock-Tell Me Ma .mp3","(IRISH CHANGE- CHAPPELLOISE) Sham Rock-Tell Me Ma .mp3","(IRISH CHANGE- CHAPPELLOISE) Sham Rock-Tell Me Ma ","C:\VSC_MP3\(IRISH CHANGE- CHAPPELLOISE) Sham Rock-Tell Me Ma .mp3",".mp3","5826057","2026-08-25T11:41:57.303Z"
"C:\VSC_MP3","2026-08-28T16:18:41.772Z","(IRISH STEW) American Land.mp3","(IRISH STEW) American Land.mp3","(IRISH STEW) American Land","C:\VSC_MP3\(IRISH STEW) American Land.mp3",".mp3","6520287","2026-08-25T11:41:57.353Z"
"C:\VSC_MP3","2026-08-28T16:18:41.772Z","(IRISH STEW) Cowboy Yodel Song.mp3","(IRISH STEW) Cowboy Yodel Song.mp3","(IRISH STEW) Cowboy Yodel Song","C:\VSC_MP3\(IRISH STEW) Cowboy Yodel Song.mp3",".mp3","3703033","2026-08-25T11:41:57.383Z"
"C:\VSC_MP3","2026-08-28T16:18:41.772Z","(IRISH STEW) Irish stew.mp3","(IRISH STEW) Irish stew.mp3","(IRISH STEW) Irish stew","C:\VSC_MP3\(IRISH STEW) Irish stew.mp3",".mp3","7096926","2026-08-25T11:41:57.435Z"
"C:\VSC_MP3","2026-08-28T16:18:41.772Z","(LINDI SHUFFLE)I Need More of You.mp3","(LINDI SHUFFLE)I Need More of You.mp3","(LINDI SHUFFLE)I Need More of You","C:\VSC_MP3\(LINDI SHUFFLE)I Need More of You.mp3",".mp3","5025916","2026-08-25T11:41:57.475Z"
"C:\VSC_MP3","2026-08-28T16:18:41.772Z","(LONELY DRUM) Lonely Drum.mp3","(LONELY DRUM) Lonely Drum.mp3","(LONELY DRUM) Lonely Drum","C:\VSC_MP3\(LONELY DRUM) Lonely Drum.mp3",".mp3","5340597","2026-08-25T11:41:57.517Z"
"C:\VSC_MP3","2026-08-28T16:18:41.772Z","(P3) Take It or Break It.mp3","(P3) Take It or Break It.mp3","(P3) Take It or Break It","C:\VSC_MP3\(P3) Take It or Break It.mp3",".mp3","4781473","2026-08-25T11:41:57.553Z"
"C:\VSC_MP3","2026-08-28T16:18:41.772Z","(REDNECK ANGEL) Brighter Than the Sun.mp3","(REDNECK ANGEL) Brighter Than the Sun.mp3","(REDNECK ANGEL) Brighter Than the Sun","C:\VSC_MP3\(REDNECK ANGEL) Brighter Than the Sun.mp3",".mp3","5721818","2026-08-25T11:41:57.597Z"
"C:\VSC_MP3","2026-08-28T16:18:41.772Z","(REDNECK ANGEL) Merry Go Round (The JaneDear Girls).mp3","(REDNECK ANGEL) Merry Go Round (The JaneDear Girls).mp3","(REDNECK ANGEL) Merry Go Round (The JaneDear Girls)","C:\VSC_MP3\(REDNECK ANGEL) Merry Go Round (The JaneDear Girls).mp3",".mp3","3142650","2026-08-25T11:41:57.625Z"
"C:\VSC_MP3","2026-08-28T16:18:41.772Z","(REDNEK ANGEL) - Nickelback - If Today Was Your Last Day.mp3","(REDNEK ANGEL) - Nickelback - If Today Was Your Last Day.mp3","(REDNEK ANGEL) - Nickelback - If Today Was Your Last Day","C:\VSC_MP3\(REDNEK ANGEL) - Nickelback - If Today Was Your Last Day.mp3",".mp3","5999980","2026-08-25T11:41:57.667Z"
"C:\VSC_MP3","2026-08-28T16:18:41.772Z","(START THE CAR-DOUBLE DUTCH) - Limes.mp3","(START THE CAR-DOUBLE DUTCH) - Limes.mp3","(START THE CAR-DOUBLE DUTCH) - Limes","C:\VSC_MP3\(START THE CAR-DOUBLE DUTCH) - Limes.mp3",".mp3","9512729","2026-08-25T11:41:57.836Z"
"C:\VSC_MP3","2026-08-28T16:18:41.772Z","(START THE CAR) Gord Bamford - Farm Girl Strong.mp3","(START THE CAR) Gord Bamford - Farm Girl Strong.mp3","(START THE CAR) Gord Bamford - Farm Girl Strong","C:\VSC_MP3\(START THE CAR) Gord Bamford - Farm Girl Strong.mp3",".mp3","2739846","2026-08-25T11:41:57.694Z"
"C:\VSC_MP3","2026-08-28T16:18:41.772Z","(START THE CAR) Jimmy Wayne - Kerosene Kid-Start the car copia.mp3","(START THE CAR) Jimmy Wayne - Kerosene Kid-Start the car copia.mp3","(START THE CAR) Jimmy Wayne - Kerosene Kid-Start the car copia","C:\VSC_MP3\(START THE CAR) Jimmy Wayne - Kerosene Kid-Start the car copia.mp3",".mp3","5038851","2026-08-25T11:41:57.730Z"
"C:\VSC_MP3","2026-08-28T16:18:41.772Z","(START THE CAR) Travis Tritt- Start The Car.mp3","(START THE CAR) Travis Tritt- Start The Car.mp3","(START THE CAR) Travis Tritt- Start The Car","C:\VSC_MP3\(START THE CAR) Travis Tritt- Start The Car.mp3",".mp3","4020361","2026-08-25T11:41:57.764Z"
"C:\VSC_MP3","2026-08-28T16:18:41.772Z","(THREE TEACHERS) Head Over Heels Jeff Mix 4.mp3","(THREE TEACHERS) Head Over Heels Jeff Mix 4.mp3","(THREE TEACHERS) Head Over Heels Jeff Mix 4","C:\VSC_MP3\(THREE TEACHERS) Head Over Heels Jeff Mix 4.mp3",".mp3","4709851","2026-08-25T11:41:57.872Z"
"C:\VSC_MP3","2026-08-28T16:18:41.772Z","(TUSH PUSH) Be My Baby Tonight.mp3","(TUSH PUSH) Be My Baby Tonight.mp3","(TUSH PUSH) Be My Baby Tonight","C:\VSC_MP3\(TUSH PUSH) Be My Baby Tonight.mp3",".mp3","4149414","2026-08-25T11:41:57.908Z"
"C:\VSC_MP3","2026-08-28T16:18:41.772Z","(TUSH PUSH) Don_t Know Why I Do It.mp3","(TUSH PUSH) Don_t Know Why I Do It.mp3","(TUSH PUSH) Don_t Know Why I Do It","C:\VSC_MP3\(TUSH PUSH) Don_t Know Why I Do It.mp3",".mp3","4128453","2026-08-25T11:41:57.941Z"
"C:\VSC_MP3","2026-08-28T16:18:41.772Z","(TUSH PUSH) Honky Tonk Twist.mp3","(TUSH PUSH) Honky Tonk Twist.mp3","(TUSH PUSH) Honky Tonk Twist","C:\VSC_MP3\(TUSH PUSH) Honky Tonk Twist.mp3",".mp3","5104242","2026-08-25T11:41:57.981Z"
"C:\VSC_MP3","2026-08-28T16:18:41.772Z","(TUSH PUSH) Travis Tritt - T-R-O-U-B-L-E - 03 - T-R-O-U-B-L-E.mp3","(TUSH PUSH) Travis Tritt - T-R-O-U-B-L-E - 03 - T-R-O-U-B-L-E.mp3","(TUSH PUSH) Travis Tritt - T-R-O-U-B-L-E - 03 - T-R-O-U-B-L-E","C:\VSC_MP3\(TUSH PUSH) Travis Tritt - T-R-O-U-B-L-E - 03 - T-R-O-U-B-L-E.mp3",".mp3","7367780","2026-08-25T11:41:58.089Z"
"C:\VSC_MP3","2026-08-28T16:18:41.772Z","(TUSH PUSH)- Santa Looked Alot Like Daddy.mp3","(TUSH PUSH)- Santa Looked Alot Like Daddy.mp3","(TUSH PUSH)- Santa Looked Alot Like Daddy","C:\VSC_MP3\(TUSH PUSH)- Santa Looked Alot Like Daddy.mp3",".mp3","6149806","2026-08-25T11:41:58.026Z"
"C:\VSC_MP3","2026-08-28T16:18:41.772Z","(URBAN LIFE) Gotta Be Somebody.mp3","(URBAN LIFE) Gotta Be Somebody.mp3","(URBAN LIFE) Gotta Be Somebody","C:\VSC_MP3\(URBAN LIFE) Gotta Be Somebody.mp3",".mp3","5907538","2026-08-25T11:41:58.136Z"
"C:\VSC_MP3","2026-08-28T16:18:41.772Z","(URBAN LIFE) Keith Urban- Better Life.mp3","(URBAN LIFE) Keith Urban- Better Life.mp3","(URBAN LIFE) Keith Urban- Better Life","C:\VSC_MP3\(URBAN LIFE) Keith Urban- Better Life.mp3",".mp3","7004932","2026-08-25T11:41:58.188Z"
"C:\VSC_MP3","2026-08-28T16:18:41.772Z","(WALKING THE LINE)  Breathless.mp3","(WALKING THE LINE)  Breathless.mp3","(WALKING THE LINE)  Breathless","C:\VSC_MP3\(WALKING THE LINE)  Breathless.mp3",".mp3","5951245","2026-08-25T11:41:58.235Z"
"C:\VSC_MP3","2026-08-28T16:18:41.772Z","(WALKING THE LINE) 4th of July.mp3","(WALKING THE LINE) 4th of July.mp3","(WALKING THE LINE) 4th of July","C:\VSC_MP3\(WALKING THE LINE) 4th of July.mp3",".mp3","6395108","2026-08-25T11:41:58.287Z"
"C:\VSC_MP3","2026-08-28T16:18:41.772Z","(WALKING THE LINE) Crazy-ALEE.mp3","(WALKING THE LINE) Crazy-ALEE.mp3","(WALKING THE LINE) Crazy-ALEE","C:\VSC_MP3\(WALKING THE LINE) Crazy-ALEE.mp3",".mp3","6136914","2026-08-25T11:41:58.335Z"
"C:\VSC_MP3","2026-08-28T16:18:41.772Z","(WALKING THE LINE) Walking the Line-Dave Sheriff.mp3","(WALKING THE LINE) Walking the Line-Dave Sheriff.mp3","(WALKING THE LINE) Walking the Line-Dave Sheriff","C:\VSC_MP3\(WALKING THE LINE) Walking the Line-Dave Sheriff.mp3",".mp3","3278551","2026-08-25T11:41:58.372Z"
"C:\VSC_MP3","2026-08-28T16:18:41.772Z","(WALKING THE LINE) Wild Angels.mp3","(WALKING THE LINE) Wild Angels.mp3","(WALKING THE LINE) Wild Angels","C:\VSC_MP3\(WALKING THE LINE) Wild Angels.mp3",".mp3","5412068","2026-08-25T11:41:58.412Z"
"C:\VSC_MP3","2026-08-28T16:18:41.772Z","(WESTERN STYLE) - Can_t Get Myself Over.mp3","(WESTERN STYLE) - Can_t Get Myself Over.mp3","(WESTERN STYLE) - Can_t Get Myself Over","C:\VSC_MP3\(WESTERN STYLE) - Can_t Get Myself Over.mp3",".mp3","6441400","2026-08-25T11:41:58.460Z"
"C:\VSC_MP3","2026-08-28T16:18:41.772Z","(WESTERN STYLE) No one needs to Know -Shania Twain.mp3","(WESTERN STYLE) No one needs to Know -Shania Twain.mp3","(WESTERN STYLE) No one needs to Know -Shania Twain","C:\VSC_MP3\(WESTERN STYLE) No one needs to Know -Shania Twain.mp3",".mp3","2889378","2026-08-25T11:41:58.486Z"
"C:\VSC_MP3","2026-08-28T16:18:41.772Z","(WESTERN STYLE) Tell Me Why.mp3","(WESTERN STYLE) Tell Me Why.mp3","(WESTERN STYLE) Tell Me Why","C:\VSC_MP3\(WESTERN STYLE) Tell Me Why.mp3",".mp3","5483540","2026-08-25T11:41:58.526Z"
"C:\VSC_MP3","2026-08-28T16:18:41.772Z","(YES!) Yes!.mp3","(YES!) Yes!.mp3","(YES!) Yes!","C:\VSC_MP3\(YES!) Yes!.mp3",".mp3","4837166","2026-08-25T11:41:58.566Z"
"C:\VSC_MP3","2026-08-28T16:18:41.772Z","01 001 (101) Lost In the Shuffle.mp3","01 001 (101) Lost In the Shuffle.mp3","01 001 (101) Lost In the Shuffle","C:\VSC_MP3\01 001 (101) Lost In the Shuffle.mp3",".mp3","5197655","2026-08-25T11:41:58.609Z"
"C:\VSC_MP3","2026-08-28T16:18:41.772Z","01 044 (BILL_S BASIC) Winter Wonderland.mp3","01 044 (BILL_S BASIC) Winter Wonderland.mp3","01 044 (BILL_S BASIC) Winter Wonderland","C:\VSC_MP3\01 044 (BILL_S BASIC) Winter Wonderland.mp3",".mp3","5074148","2026-08-25T11:41:58.649Z"
"C:\VSC_MP3","2026-08-28T16:18:41.772Z","01 229 (IRISH STEW) Cowboy_s Sweetheart.mp3","01 229 (IRISH STEW) Cowboy_s Sweetheart.mp3","01 229 (IRISH STEW) Cowboy_s Sweetheart","C:\VSC_MP3\01 229 (IRISH STEW) Cowboy_s Sweetheart.mp3",".mp3","3716826","2026-08-25T11:41:58.682Z"
"C:\VSC_MP3","2026-08-28T16:18:41.772Z","01 536 (ELECTRIC SLIDE) No Rompas Mi Corazón.mp3","01 536 (ELECTRIC SLIDE) No Rompas Mi Corazón.mp3","01 536 (ELECTRIC SLIDE) No Rompas Mi Corazón","C:\VSC_MP3\01 536 (ELECTRIC SLIDE) No Rompas Mi Corazón.mp3",".mp3","5308624","2026-08-25T11:41:58.724Z"
"C:\VSC_MP3","2026-08-28T16:18:41.772Z","02 018 (AA) AA.mp3","02 018 (AA) AA.mp3","02 018 (AA) AA","C:\VSC_MP3\02 018 (AA) AA.mp3",".mp3","4555043","2026-08-25T11:41:58.763Z"
"C:\VSC_MP3","2026-08-28T16:18:41.772Z","02 051 (BLACK COFFEE) The Salt in My Tears.mp3","02 051 (BLACK COFFEE) The Salt in My Tears.mp3","02 051 (BLACK COFFEE) The Salt in My Tears","C:\VSC_MP3\02 051 (BLACK COFFEE) The Salt in My Tears.mp3",".mp3","5514260","2026-08-25T11:41:58.806Z"
"C:\VSC_MP3","2026-08-28T16:18:41.772Z","02 063 (BUDDY) One step forward.mp3","02 063 (BUDDY) One step forward.mp3","02 063 (BUDDY) One step forward","C:\VSC_MP3\02 063 (BUDDY) One step forward.mp3",".mp3","5855107","2026-08-25T11:41:58.858Z"
"C:\VSC_MP3","2026-08-28T16:18:41.772Z","02 095 (CHEYENNE) White Christmas.mp3","02 095 (CHEYENNE) White Christmas.mp3","02 095 (CHEYENNE) White Christmas","C:\VSC_MP3\02 095 (CHEYENNE) White Christmas.mp3",".mp3","4255993","2026-08-25T11:41:58.892Z"
"C:\VSC_MP3","2026-08-28T16:18:41.772Z","02 448 (WE WENT) We Went.mp3","02 448 (WE WENT) We Went.mp3","02 448 (WE WENT) We Went","C:\VSC_MP3\02 448 (WE WENT) We Went.mp3",".mp3","4328091","2026-08-25T11:41:58.925Z"
"C:\VSC_MP3","2026-08-28T16:18:41.772Z","04 025 (AMERICAN KIDS) American Kids.mp3","04 025 (AMERICAN KIDS) American Kids.mp3","04 025 (AMERICAN KIDS) American Kids","C:\VSC_MP3\04 025 (AMERICAN KIDS) American Kids.mp3",".mp3","4397682","2026-08-25T11:41:58.995Z"
"C:\VSC_MP3","2026-08-28T16:18:41.772Z","04 041 (BILL_S BASIC) I Don_t Need the Booze (to Get a Buzz On).mp3","04 041 (BILL_S BASIC) I Don_t Need the Booze (to Get a Buzz On).mp3","04 041 (BILL_S BASIC) I Don_t Need the Booze (to Get a Buzz On)","C:\VSC_MP3\04 041 (BILL_S BASIC) I Don_t Need the Booze (to Get a Buzz On).mp3",".mp3","4697985","2026-08-25T11:41:59.031Z"
"C:\VSC_MP3","2026-08-28T16:18:41.772Z","052 (BLACK COFFEE) Undone.mp3","052 (BLACK COFFEE) Undone.mp3","052 (BLACK COFFEE) Undone","C:\VSC_MP3\052 (BLACK COFFEE) Undone.mp3",".mp3","4894217","2026-08-25T11:41:59.402Z"
"C:\VSC_MP3","2026-08-28T16:18:41.772Z","06 (COWBOY BIG UP) Cowboy Up.mp3","06 (COWBOY BIG UP) Cowboy Up.mp3","06 (COWBOY BIG UP) Cowboy Up","C:\VSC_MP3\06 (COWBOY BIG UP) Cowboy Up.mp3",".mp3","5076029","2026-08-25T11:41:59.069Z"
"C:\VSC_MP3","2026-08-28T16:18:41.772Z","06 167 (FIRST STOMP) Old Pop in an Oak.mp3","06 167 (FIRST STOMP) Old Pop in an Oak.mp3","06 167 (FIRST STOMP) Old Pop in an Oak","C:\VSC_MP3\06 167 (FIRST STOMP) Old Pop in an Oak.mp3",".mp3","5116153","2026-08-25T11:41:59.113Z"
"C:\VSC_MP3","2026-08-28T16:18:41.772Z","07 050 (BLACK COFFEE) Some Town Somewhere.mp3","07 050 (BLACK COFFEE) Some Town Somewhere.mp3","07 050 (BLACK COFFEE) Some Town Somewhere","C:\VSC_MP3\07 050 (BLACK COFFEE) Some Town Somewhere.mp3",".mp3","4121828","2026-08-25T11:41:59.144Z"
"C:\VSC_MP3","2026-08-28T16:18:41.772Z","08 078 (CHANGING DANCE - BARN DANCE) Dance the Night Away.mp3","08 078 (CHANGING DANCE - BARN DANCE) Dance the Night Away.mp3","08 078 (CHANGING DANCE - BARN DANCE) Dance the Night Away","C:\VSC_MP3\08 078 (CHANGING DANCE - BARN DANCE) Dance the Night Away.mp3",".mp3","6304202","2026-08-25T11:41:59.194Z"
"C:\VSC_MP3","2026-08-28T16:18:41.772Z","08 429 (TUSH PUSH) Splish Splash.mp3","08 429 (TUSH PUSH) Splish Splash.mp3","08 429 (TUSH PUSH) Splish Splash","C:\VSC_MP3\08 429 (TUSH PUSH) Splish Splash.mp3",".mp3","4434044","2026-08-25T11:41:59.231Z"
"C:\VSC_MP3","2026-08-28T16:18:41.772Z","09 093 (CHEYENNE) The Big One.mp3","09 093 (CHEYENNE) The Big One.mp3","09 093 (CHEYENNE) The Big One","C:\VSC_MP3\09 093 (CHEYENNE) The Big One.mp3",".mp3","3072333","2026-08-25T11:41:59.258Z"
"C:\VSC_MP3","2026-08-28T16:18:41.772Z","12 154 (ELECTRIC SLIDE) Achy Breaky Heart.mp3","12 154 (ELECTRIC SLIDE) Achy Breaky Heart.mp3","12 154 (ELECTRIC SLIDE) Achy Breaky Heart","C:\VSC_MP3\12 154 (ELECTRIC SLIDE) Achy Breaky Heart.mp3",".mp3","4924937","2026-08-25T11:41:59.299Z"
"C:\VSC_MP3","2026-08-28T16:18:41.772Z","15 231 (IRISH STEW) The Merry Christmas Polka.mp3","15 231 (IRISH STEW) The Merry Christmas Polka.mp3","15 231 (IRISH STEW) The Merry Christmas Polka","C:\VSC_MP3\15 231 (IRISH STEW) The Merry Christmas Polka.mp3",".mp3","3367621","2026-08-25T11:41:59.328Z"
"C:\VSC_MP3","2026-08-28T16:18:41.772Z","16 503 (HOUSE OF MAMBOO) The House of Bamboo.mp3","16 503 (HOUSE OF MAMBOO) The House of Bamboo.mp3","16 503 (HOUSE OF MAMBOO) The House of Bamboo","C:\VSC_MP3\16 503 (HOUSE OF MAMBOO) The House of Bamboo.mp3",".mp3","3064810","2026-08-25T11:41:59.355Z"
"C:\VSC_MP3","2026-08-28T16:18:41.772Z","2-06 037 (BEER FOR MY HORSES) Beer for My Horses (feat. Willie Nelson).mp3","2-06 037 (BEER FOR MY HORSES) Beer for My Horses (feat. Willie Nelson).mp3","2-06 037 (BEER FOR MY HORSES) Beer for My Horses (feat. Willie Nelson)","C:\VSC_MP3\2-06 037 (BEER FOR MY HORSES) Beer for My Horses (feat. Willie Nelson).mp3",".mp3","5078537","2026-08-25T11:41:58.962Z"
"C:\VSC_MP3","2026-08-28T16:18:41.772Z","212 (HEEL AND TOE POLKA) Barn Dance Music.mp3","212 (HEEL AND TOE POLKA) Barn Dance Music.mp3","212 (HEEL AND TOE POLKA) Barn Dance Music","C:\VSC_MP3\212 (HEEL AND TOE POLKA) Barn Dance Music.mp3",".mp3","5292393","2026-08-25T11:41:59.442Z"
"C:\VSC_MP3","2026-08-28T16:18:41.772Z","532 (ELETTRIC SLIDE) Clay Walker - Rumor Has It.mp3","532 (ELETTRIC SLIDE) Clay Walker - Rumor Has It.mp3","532 (ELETTRIC SLIDE) Clay Walker - Rumor Has It","C:\VSC_MP3\532 (ELETTRIC SLIDE) Clay Walker - Rumor Has It.mp3",".mp3","5323532","2026-08-25T11:41:59.483Z"
"C:\VSC_MP3","2026-08-28T16:18:41.772Z","549 (CHEYENNE) Drunken Sailor Malinda feat. Bobby Waters.mp3","549 (CHEYENNE) Drunken Sailor Malinda feat. Bobby Waters.mp3","549 (CHEYENNE) Drunken Sailor Malinda feat. Bobby Waters","C:\VSC_MP3\549 (CHEYENNE) Drunken Sailor Malinda feat. Bobby Waters.mp3",".mp3","3902400","2026-08-25T11:41:59.514Z"
"C:\VSC_MP3","2026-08-28T16:18:41.772Z","566 (COUNTRY AS CAN BE) Hooked on Country Music.mp3","566 (COUNTRY AS CAN BE) Hooked on Country Music.mp3","566 (COUNTRY AS CAN BE) Hooked on Country Music","C:\VSC_MP3\566 (COUNTRY AS CAN BE) Hooked on Country Music.mp3",".mp3","5382602","2026-08-25T11:41:59.556Z"
"C:\VSC_MP3","2026-08-28T16:18:41.772Z","CADILLAC TEARS - Kevin Denney.mp3","CADILLAC TEARS - Kevin Denney.mp3","CADILLAC TEARS - Kevin Denney","C:\VSC_MP3\CADILLAC TEARS - Kevin Denney.mp3",".mp3","2962334","2026-08-25T11:41:59.585Z"
"C:\VSC_MP3","2026-08-28T16:18:41.772Z","CHANGING DANCE - ALLYOU EVER DO IS BRING ME DOWN - The Mavericks.mp3","CHANGING DANCE - ALLYOU EVER DO IS BRING ME DOWN - The Mavericks.mp3","CHANGING DANCE - ALLYOU EVER DO IS BRING ME DOWN - The Mavericks","C:\VSC_MP3\CHANGING DANCE - ALLYOU EVER DO IS BRING ME DOWN - The Mavericks.mp3",".mp3","4548595","2026-08-25T11:41:59.618Z"
"C:\VSC_MP3","2026-08-28T16:18:41.772Z","CHEYENNE - UP - Shania Twain.mp3","CHEYENNE - UP - Shania Twain.mp3","CHEYENNE - UP - Shania Twain","C:\VSC_MP3\CHEYENNE - UP - Shania Twain.mp3",".mp3","2814858","2026-08-25T11:41:59.647Z"
"C:\VSC_MP3","2026-08-28T16:18:41.772Z","Feliz Navidad- Jose Feliciano lyrics [HQ].mp3","Feliz Navidad- Jose Feliciano lyrics [HQ].mp3","Feliz Navidad- Jose Feliciano lyrics [HQ]","C:\VSC_MP3\Feliz Navidad- Jose Feliciano lyrics [HQ].mp3",".mp3","4576321","2026-08-25T11:41:59.685Z"
"C:\VSC_MP3","2026-08-28T16:18:41.772Z","LORD HAVE MERCY ON A COUNTRY BOY - Josh Turner.mp3","LORD HAVE MERCY ON A COUNTRY BOY - Josh Turner.mp3","LORD HAVE MERCY ON A COUNTRY BOY - Josh Turner","C:\VSC_MP3\LORD HAVE MERCY ON A COUNTRY BOY - Josh Turner.mp3",".mp3","3780234","2026-08-25T11:41:59.719Z"
"C:\VSC_MP3","2026-08-28T16:18:41.772Z","Original GhostBusters Theme Song.mp3","Original GhostBusters Theme Song.mp3","Original GhostBusters Theme Song","C:\VSC_MP3\Original GhostBusters Theme Song.mp3",".mp3","9781443","2026-08-25T11:41:59.793Z"
"C:\VSC_MP3","2026-08-28T16:18:41.772Z","SOMEBODY TAKE ME HOME - Kenny Chesney.mp3","SOMEBODY TAKE ME HOME - Kenny Chesney.mp3","SOMEBODY TAKE ME HOME - Kenny Chesney","C:\VSC_MP3\SOMEBODY TAKE ME HOME - Kenny Chesney.mp3",".mp3","4237510","2026-08-25T11:41:59.829Z"
"C:\VSC_MP3","2026-08-28T16:18:41.772Z","TARANTELLA - Gabry Ponte, KEL.mp3","TARANTELLA - Gabry Ponte, KEL.mp3","TARANTELLA - Gabry Ponte, KEL","C:\VSC_MP3\TARANTELLA - Gabry Ponte, KEL.mp3",".mp3","2356144","2024-06-19T12:23:52.000Z"
"C:\VSC_MP3","2026-08-28T16:18:41.772Z","TSUNAMI - DVBBS & Borgeous (Original Mix).mp3","TSUNAMI - DVBBS & Borgeous (Original Mix).mp3","TSUNAMI - DVBBS & Borgeous (Original Mix)","C:\VSC_MP3\TSUNAMI - DVBBS & Borgeous (Original Mix).mp3",".mp3","3818737","2024-06-19T12:25:16.000Z"
"C:\VSC_MP3","2026-08-28T16:18:41.772Z","TUTTA L'ITALIA - Gabry Ponte.m4a","TUTTA L'ITALIA - Gabry Ponte.m4a","TUTTA L'ITALIA - Gabry Ponte","C:\VSC_MP3\TUTTA L'ITALIA - Gabry Ponte.m4a",".m4a","6539458","2025-06-26T12:21:56.000Z"
"C:\VSC_MP3","2026-08-28T16:18:41.772Z","WALKING THE LINE - BLOWN AWAY - Carrie Underwood.mp3","WALKING THE LINE - BLOWN AWAY - Carrie Underwood.mp3","WALKING THE LINE - BLOWN AWAY - Carrie Underwood","C:\VSC_MP3\WALKING THE LINE - BLOWN AWAY - Carrie Underwood.mp3",".mp3","5825744","2026-08-25T11:41:59.873Z"